UID,個案研判日,縣市別,區域,新增確診人數,累計確診人數,七天移動平均新增確診人數
1,2023/9/7,全國,全區,2,10241523,0.43
4,2023/9/5,全國,全區,1,10241521,0.14
7,2023/8/7,全國,全區,1,10241520,0.14
10,2023/7/25,全國,全區,6,10241519,2
15,2023/7/24,全國,全區,4,10241513,1.14
22,2023/7/21,全國,全區,3,10241509,0.71
28,2023/7/20,全國,全區,1,10241506,0.29
31,2023/7/17,全國,全區,1,10241505,0.29
34,2023/7/13,全國,全區,1,10241504,0.29
37,2023/7/7,全國,全區,1,10241503,0.29
40,2023/7/3,全國,全區,1,10241502,0.57
43,2023/6/30,全國,全區,1,10241501,0.43
46,2023/6/27,全國,全區,2,10241500,0.43
51,2023/6/21,全國,全區,1,10241498,0.86
54,2023/6/17,全國,全區,3,10241497,239.71
57,2023/6/16,全國,全區,1,10241494,239.29
60,2023/6/15,全國,全區,1,10241493,239.14
63,2023/6/14,全國,全區,1673,10241492,239.14
265,2023/6/8,全國,全區,1,10239819,0.57
268,2023/6/7,全國,全區,1,10239818,0.71
271,2023/6/5,全國,全區,1,10239817,0.57
274,2023/6/2,全國,全區,1,10239816,0.43
277,2023/6/1,全國,全區,2,10239815,0.29
281,2023/5/25,全國,全區,1,10239813,0.14
284,2023/5/17,全國,全區,1,10239812,6.57
287,2023/5/16,全國,全區,36,10239811,6.57
297,2023/5/15,全國,全區,4,10239775,1.43
304,2023/5/12,全國,全區,5,10239771,2.29
311,2023/5/10,全國,全區,1,10239766,1.71
314,2023/5/8,全國,全區,10,10239765,1.71
323,2023/5/4,全國,全區,1,10239755,0.43
326,2023/5/3,全國,全區,1,10239754,0.29
329,2023/4/28,全國,全區,1,10239753,0.14
332,2023/4/21,全國,全區,2,10239752,0.57
335,2023/4/19,全國,全區,2,10239750,0.43
340,2023/4/14,全國,全區,1,10239748,0.14
343,2023/4/6,全國,全區,1,10239747,0.14
346,2023/3/25,全國,全區,4,10239746,1220.86
355,2023/3/24,全國,全區,14,10239742,2422.57
373,2023/3/23,全國,全區,25,10239728,3566.71
402,2023/3/22,全國,全區,54,10239703,4765.29
449,2023/3/21,全國,全區,267,10239649,6051.86
585,2023/3/20,全國,全區,2643,10239382,7468.86
869,2023/3/19,全國,全區,5539,10236739,8531.71
1197,2023/3/18,全國,全區,8416,10231200,8679.57
1537,2023/3/17,全國,全區,8023,10222784,8775.71
1889,2023/3/16,全國,全區,8415,10214761,8860.86
2242,2023/3/15,全國,全區,9060,10206346,8957.71
2593,2023/3/14,全國,全區,10186,10197286,9032.14
2950,2023/3/13,全國,全區,10083,10187100,9156.43
3309,2023/3/12,全國,全區,6574,10177017,9292
3654,2023/3/11,全國,全區,9089,10170443,9364
4007,2023/3/10,全國,全區,8619,10161354,9537.43
4362,2023/3/9,全國,全區,9093,10152735,9934
4721,2023/3/8,全國,全區,9581,10143642,10607.57
5075,2023/3/7,全國,全區,11056,10134061,11252.86
5434,2023/3/6,全國,全區,11032,10123005,11417.86
5799,2023/3/5,全國,全區,7078,10111973,11287.14
6138,2023/3/4,全國,全區,10303,10104895,11382
6490,2023/3/3,全國,全區,11395,10094592,11779.43
6849,2023/3/2,全國,全區,13808,10083197,12083.29
7213,2023/3/1,全國,全區,14098,10069389,12030.29
7584,2023/2/28,全國,全區,12211,10055291,12071.14
7947,2023/2/27,全國,全區,10117,10043080,12680.43
8306,2023/2/26,全國,全區,7742,10032963,13699.57
8651,2023/2/25,全國,全區,13085,10025221,14315.86
9021,2023/2/24,全國,全區,13522,10012136,14713.29
9382,2023/2/23,全國,全區,13437,9998614,14930.71
9752,2023/2/22,全國,全區,14384,9985177,15214.14
10127,2023/2/21,全國,全區,16476,9970793,15551
10496,2023/2/20,全國,全區,17251,9954317,16033.43
10876,2023/2/19,全國,全區,12056,9937066,16498.71
11234,2023/2/18,全國,全區,15867,9925010,16583.57
11601,2023/2/17,全國,全區,15044,9909143,16771.43
11973,2023/2/16,全國,全區,15421,9894099,17235.57
12348,2023/2/15,全國,全區,16742,9878678,17835.43
12721,2023/2/14,全國,全區,19853,9861936,18431
13093,2023/2/13,全國,全區,20508,9842083,19057.14
13472,2023/2/12,全國,全區,12650,9821575,19468.14
13829,2023/2/11,全國,全區,17182,9808925,20037
14201,2023/2/10,全國,全區,18293,9791743,20865.43
14575,2023/2/9,全國,全區,19620,9773450,21642.57
14951,2023/2/8,全國,全區,20911,9753830,22476.71
15330,2023/2/7,全國,全區,24236,9732919,23357.29
15709,2023/2/6,全國,全區,23385,9708683,24437
16091,2023/2/5,全國,全區,16632,9685298,25706.14
16459,2023/2/4,全國,全區,22981,9668666,26514
16838,2023/2/3,全國,全區,23733,9645685,27137.57
17224,2023/2/2,全國,全區,25459,9621952,27665.57
17607,2023/2/1,全國,全區,27075,9596493,27506.57
17984,2023/1/31,全國,全區,31794,9569418,26372.57
18369,2023/1/30,全國,全區,32269,9537624,24189.43
18758,2023/1/29,全國,全區,22287,9505355,21700.86
19134,2023/1/28,全國,全區,27346,9483068,20040.14
19513,2023/1/27,全國,全區,27429,9455722,18874
19891,2023/1/26,全國,全區,24346,9428293,17966.57
20268,2023/1/25,全國,全區,19137,9403947,17090.29
20633,2023/1/24,全國,全區,16512,9384810,16984.57
21008,2023/1/23,全國,全區,14849,9368298,17627.71
21375,2023/1/22,全國,全區,10662,9353449,18358.71
21739,2023/1/21,全國,全區,19183,9342787,19068.57
22111,2023/1/20,全國,全區,21077,9323604,19365.57
22478,2023/1/19,全國,全區,18212,9302527,19269.43
22849,2023/1/18,全國,全區,18397,9284315,19772.29
23221,2023/1/17,全國,全區,21014,9265918,20416.71
23585,2023/1/16,全國,全區,19966,9244904,21075.29
23961,2023/1/15,全國,全區,15631,9224938,21801.71
24328,2023/1/14,全國,全區,21262,9209307,22041
24696,2023/1/13,全國,全區,20404,9188045,22346.86
25064,2023/1/12,全國,全區,21732,9167641,22919.71
25439,2023/1/11,全國,全區,22908,9145909,23767.71
25815,2023/1/10,全國,全區,25624,9123001,24996.29
26187,2023/1/9,全國,全區,25051,9097377,26172.14
26566,2023/1/8,全國,全區,17306,9072326,26164.43
26923,2023/1/7,全國,全區,23403,9055020,26063
27294,2023/1/6,全國,全區,24414,9031617,26345.71
27670,2023/1/5,全國,全區,27668,9007203,26536.71
28050,2023/1/4,全國,全區,31508,8979535,26495.29
28431,2023/1/3,全國,全區,33855,8948027,25982.86
28813,2023/1/2,全國,全區,24997,8914172,25167.86
29184,2023/1/1,全國,全區,16596,8889175,25094.86
29546,2022/12/31,全國,全區,25382,8872579,24757.14
29912,2022/12/30,全國,全區,25751,8847197,23662.86
30284,2022/12/29,全國,全區,27378,8821446,22563.71
30657,2022/12/28,全國,全區,27921,8794068,21376.14
31027,2022/12/27,全國,全區,28150,8766147,20226.86
31404,2022/12/26,全國,全區,24486,8737997,18939.86
31776,2022/12/25,全國,全區,14232,8713511,17887.57
32130,2022/12/24,全國,全區,17722,8699279,17334.86
32490,2022/12/23,全國,全區,18057,8681557,16962.86
32854,2022/12/22,全國,全區,19065,8663500,16614
33221,2022/12/21,全國,全區,19876,8644435,16088.86
33591,2022/12/20,全國,全區,19141,8624559,15545.14
33954,2022/12/19,全國,全區,17120,8605418,15333
34325,2022/12/18,全國,全區,10363,8588298,15338
34673,2022/12/17,全國,全區,15118,8577935,15408
35033,2022/12/16,全國,全區,15615,8562817,15259
35398,2022/12/15,全國,全區,15389,8547202,15066.43
35769,2022/12/14,全國,全區,16070,8531813,14918.14
36128,2022/12/13,全國,全區,17656,8515743,14805
36502,2022/12/12,全國,全區,17155,8498087,14672.86
36874,2022/12/11,全國,全區,10853,8480932,14511
37225,2022/12/10,全國,全區,14075,8470079,14423
37594,2022/12/9,全國,全區,14267,8456004,14270.71
37959,2022/12/8,全國,全區,14351,8441737,14109
38332,2022/12/7,全國,全區,15278,8427386,14068.71
38704,2022/12/6,全國,全區,16731,8412108,14120.14
39075,2022/12/5,全國,全區,16022,8395377,14261.14
39453,2022/12/4,全國,全區,10237,8379355,14440.14
39819,2022/12/3,全國,全區,13009,8369118,14499.71
40188,2022/12/2,全國,全區,13135,8356109,14541.43
40558,2022/12/1,全國,全區,14069,8342974,14560
40927,2022/11/30,全國,全區,15638,8328905,14575.14
41298,2022/11/29,全國,全區,17718,8313267,14632.71
41678,2022/11/28,全國,全區,17275,8295549,14655.29
42056,2022/11/27,全國,全區,10654,8278274,14781.43
42417,2022/11/26,全國,全區,13301,8267620,14959.57
42773,2022/11/25,全國,全區,13265,8254319,15377.29
43144,2022/11/24,全國,全區,14175,8241054,15848.14
43514,2022/11/23,全國,全區,16041,8226879,16393.71
43886,2022/11/22,全國,全區,17876,8210838,16975.57
44259,2022/11/21,全國,全區,18158,8192962,17660.71
44642,2022/11/20,全國,全區,11901,8174804,17714.86
45005,2022/11/19,全國,全區,16225,8162903,18387.57
45379,2022/11/18,全國,全區,16561,8146678,18726.57
45751,2022/11/17,全國,全區,17994,8130117,19105
46124,2022/11/16,全國,全區,20114,8112123,19432.71
46504,2022/11/15,全國,全區,22672,8092009,19747.57
46885,2022/11/14,全國,全區,18537,8069337,20057.86
47266,2022/11/13,全國,全區,16610,8050800,20974.43
47636,2022/11/12,全國,全區,18598,8034190,20965.57
48013,2022/11/11,全國,全區,19210,8015592,21786
48392,2022/11/10,全國,全區,20288,7996382,22691.43
48775,2022/11/9,全國,全區,22318,7976094,23733.29
49158,2022/11/8,全國,全區,24844,7953776,24825.86
49543,2022/11/7,全國,全區,24953,7928932,26013
49928,2022/11/6,全國,全區,16548,7903979,27341.57
50297,2022/11/5,全國,全區,24341,7887431,28208.57
50672,2022/11/4,全國,全區,25548,7863090,29235.57
51058,2022/11/3,全國,全區,27581,7837542,30226.86
51438,2022/11/2,全國,全區,29966,7809961,31225.14
51824,2022/11/1,全國,全區,33154,7779995,32037.14
52209,2022/10/31,全國,全區,34253,7746841,33055.14
52592,2022/10/30,全國,全區,22617,7712588,33754.14
52971,2022/10/29,全國,全區,31530,7689971,34283.43
53350,2022/10/28,全國,全區,32487,7658441,34827.71
53737,2022/10/27,全國,全區,34569,7625954,35274
54124,2022/10/26,全國,全區,35650,7591385,35654.14
54508,2022/10/25,全國,全區,40280,7555735,36243.86
54897,2022/10/24,全國,全區,39146,7515455,36859.57
55287,2022/10/23,全國,全區,26322,7476309,37675.29
55664,2022/10/22,全國,全區,35340,7449987,38032.86
56049,2022/10/21,全國,全區,35611,7414647,38915.29
56439,2022/10/20,全國,全區,37230,7379036,40037.86
56824,2022/10/19,全國,全區,39778,7341806,41606.86
57211,2022/10/18,全國,全區,44590,7302028,43547.71
57601,2022/10/17,全國,全區,44856,7257438,44658.29
57991,2022/10/16,全國,全區,28825,7212582,44166.86
58375,2022/10/15,全國,全區,41517,7183757,44633.29
58760,2022/10/14,全國,全區,43469,7142240,45063.71
59150,2022/10/13,全國,全區,48213,7098771,45210.71
59541,2022/10/12,全國,全區,53364,7050558,45548.14
59930,2022/10/11,全國,全區,52364,6997194,44558.29
60322,2022/10/10,全國,全區,41416,6944830,44914.29
60706,2022/10/9,全國,全區,32090,6903414,46070.71
61093,2022/10/8,全國,全區,44530,6871324,46258.29
61482,2022/10/7,全國,全區,44498,6826794,46078.14
61869,2022/10/6,全國,全區,50575,6782296,45873
62260,2022/10/5,全國,全區,46435,6731721,44856.57
62647,2022/10/4,全國,全區,54856,6685286,44626.86
63035,2022/10/3,全國,全區,49511,6630430,43728.57
63426,2022/10/2,全國,全區,33403,6580919,43196.57
63808,2022/10/1,全國,全區,43269,6547516,42530
64194,2022/9/30,全國,全區,43062,6504247,41912.43
64578,2022/9/29,全國,全區,43460,6461185,41235.43
64966,2022/9/28,全國,全區,44827,6417725,40739.14
65354,2022/9/27,全國,全區,48568,6372898,40395.57
65741,2022/9/26,全國,全區,45787,6324330,40149.57
66130,2022/9/25,全國,全區,28737,6278543,39994.86
66513,2022/9/24,全國,全區,38946,6249806,39949.43
66896,2022/9/23,全國,全區,38323,6210860,40031
67285,2022/9/22,全國,全區,39986,6172537,40210.43
67672,2022/9/21,全國,全區,42422,6132551,40443.86
68061,2022/9/20,全國,全區,46846,6090129,40871.29
68451,2022/9/19,全國,全區,44704,6043283,41273
68842,2022/9/18,全國,全區,28419,5998579,41600.86
69224,2022/9/17,全國,全區,39517,5970160,41192.57
69612,2022/9/16,全國,全區,39579,5930643,40132.57
69997,2022/9/15,全國,全區,41620,5891064,39591.57
70384,2022/9/14,全國,全區,45414,5849444,38536
70769,2022/9/13,全國,全區,49658,5804030,37061.57
71158,2022/9/12,全國,全區,46999,5754372,35859.29
71548,2022/9/11,全國,全區,25561,5707373,34383.14
71930,2022/9/10,全國,全區,32097,5681812,34170.71
72312,2022/9/9,全國,全區,35792,5649715,34489.71
72694,2022/9/8,全國,全區,34231,5613923,34059.57
73081,2022/9/7,全國,全區,35093,5579692,33995
73465,2022/9/6,全國,全區,41242,5544599,33848.57
73851,2022/9/5,全國,全區,36666,5503357,32895.57
74238,2022/9/4,全國,全區,24074,5466691,32149.86
74620,2022/9/3,全國,全區,34330,5442617,31628.86
75007,2022/9/2,全國,全區,32781,5408287,30544.43
75393,2022/9/1,全國,全區,33779,5375506,29556.86
75782,2022/8/31,全國,全區,34068,5341727,28549.71
76169,2022/8/30,全國,全區,34571,5307659,27571.14
76557,2022/8/29,全國,全區,31446,5273088,26708.71
76947,2022/8/28,全國,全區,20427,5241642,25979.29
77328,2022/8/27,全國,全區,26739,5221215,25475.43
77715,2022/8/26,全國,全區,25868,5194476,24851.43
78100,2022/8/25,全國,全區,26729,5168608,24316.86
78486,2022/8/24,全國,全區,27218,5141879,23753.86
78873,2022/8/23,全國,全區,28534,5114661,23208.14
79256,2022/8/22,全國,全區,26340,5086127,22679.29
79646,2022/8/21,全國,全區,16900,5059787,22223
80021,2022/8/20,全國,全區,22371,5042887,22061.86
80406,2022/8/19,全國,全區,22126,5020516,21875.43
80790,2022/8/18,全國,全區,22788,4998390,21752.29
81179,2022/8/17,全國,全區,23398,4975602,21636
81564,2022/8/16,全國,全區,24832,4952204,21561.57
81951,2022/8/15,全國,全區,23146,4927372,21411.86
82338,2022/8/14,全國,全區,15772,4904226,21483.14
82715,2022/8/13,全國,全區,21066,4888454,21429.86
83094,2022/8/12,全國,全區,21264,4867388,21554.86
83480,2022/8/11,全國,全區,21974,4846124,21367.29
83866,2022/8/10,全國,全區,22877,4824150,21346.86
84252,2022/8/9,全國,全區,23784,4801273,21353
84634,2022/8/8,全國,全區,23645,4777489,21370.86
85019,2022/8/7,全國,全區,15399,4753844,21355.43
85392,2022/8/6,全國,全區,21941,4738445,21524.43
85771,2022/8/5,全國,全區,19951,4716504,21398.57
86158,2022/8/4,全國,全區,21831,4696553,21617.14
86543,2022/8/3,全國,全區,22920,4674722,21821.14
86926,2022/8/2,全國,全區,23909,4651802,21967.86
87311,2022/8/1,全國,全區,23537,4627893,22220.14
87699,2022/7/31,全國,全區,16582,4604356,22436.57
88075,2022/7/30,全國,全區,21060,4587774,22513.71
88454,2022/7/29,全國,全區,21481,4566714,22607.71
88838,2022/7/28,全國,全區,23259,4545233,22764.71
89224,2022/7/27,全國,全區,23947,4521974,22881.86
89615,2022/7/26,全國,全區,25675,4498027,23053.86
90002,2022/7/25,全國,全區,25052,4472352,23266.57
90386,2022/7/24,全國,全區,17122,4447300,23561.29
90764,2022/7/23,全國,全區,21718,4430178,23701.71
91148,2022/7/22,全國,全區,22580,4408460,24055.57
91534,2022/7/21,全國,全區,24079,4385880,24441
91918,2022/7/20,全國,全區,25151,4361801,24612.29
92305,2022/7/19,全國,全區,27164,4336650,24971.43
92693,2022/7/18,全國,全區,27115,4309486,25361.14
93082,2022/7/17,全國,全區,18105,4282371,25953.57
93460,2022/7/16,全國,全區,24195,4264266,26098
93847,2022/7/15,全國,全區,25278,4240071,26618.43
94234,2022/7/14,全國,全區,25278,4214793,27023.57
94622,2022/7/13,全國,全區,27665,4189515,27763.71
95011,2022/7/12,全國,全區,29892,4161850,28303.29
95399,2022/7/11,全國,全區,31262,4131958,28969.57
95787,2022/7/10,全國,全區,19116,4100696,29646.86
96170,2022/7/9,全國,全區,27838,4081580,30217
96557,2022/7/8,全國,全區,28114,4053742,30909.57
96948,2022/7/7,全國,全區,30459,4025628,31865.29
97339,2022/7/6,全國,全區,31442,3995169,32624.71
97728,2022/7/5,全國,全區,34556,3963727,33692.71
98117,2022/7/4,全國,全區,36003,3929171,34782.86
98506,2022/7/3,全國,全區,23107,3893168,35983
98891,2022/7/2,全國,全區,32686,3870061,36763.14
99279,2022/7/1,全國,全區,34804,3837375,37756.29
99671,2022/6/30,全國,全區,35775,3802571,38553.14
100062,2022/6/29,全國,全區,38918,3766796,39976.86
100452,2022/6/28,全國,全區,42187,3727878,41321
100843,2022/6/27,全國,全區,44404,3685691,42754.86
101232,2022/6/26,全國,全區,28568,3641287,44465.43
101617,2022/6/25,全國,全區,39638,3612719,45472.86
102007,2022/6/24,全國,全區,40382,3573081,47041.14
102398,2022/6/23,全國,全區,45741,3532699,48938.86
102790,2022/6/22,全國,全區,48327,3486958,50295.57
103180,2022/6/21,全國,全區,52224,3438631,52418.43
103571,2022/6/20,全國,全區,56378,3386407,54805.43
103962,2022/6/19,全國,全區,35620,3330029,56202.71
104352,2022/6/18,全國,全區,50616,3294409,57554.86
104743,2022/6/17,全國,全區,53666,3243793,61404.86
105134,2022/6/16,全國,全區,55238,3190127,61253.29
105524,2022/6/15,全國,全區,63187,3134889,63121.29
105914,2022/6/14,全國,全區,68933,3071702,64512
106305,2022/6/13,全國,全區,66159,3002769,66116.29
106696,2022/6/12,全國,全區,45085,2936610,68516.43
107083,2022/6/11,全國,全區,77566,2891525,69645.86
107474,2022/6/10,全國,全區,52605,2813959,67433.57
107863,2022/6/9,全國,全區,68314,2761354,69647.71
108254,2022/6/8,全國,全區,72922,2693040,70819.43
108642,2022/6/7,全國,全區,80163,2620118,71371
109034,2022/6/6,全國,全區,82960,2539955,72520.14
109425,2022/6/5,全國,全區,52991,2456995,72191
109814,2022/6/4,全國,全區,62080,2404004,73200.86
110203,2022/6/3,全國,全區,68104,2341924,75268.29
110595,2022/6/2,全國,全區,76516,2273820,77082.29
110985,2022/6/1,全國,全區,76783,2197304,79601.57
111376,2022/5/31,全國,全區,88207,2120521,80330.43
111768,2022/5/30,全國,全區,80656,2032314,80502.43
112158,2022/5/29,全國,全區,60060,1951658,80785.86
112549,2022/5/28,全國,全區,76552,1891598,81661.71
112939,2022/5/27,全國,全區,80802,1815046,82075.43
113330,2022/5/26,全國,全區,94151,1734244,82618.14
113721,2022/5/25,全國,全區,81885,1640093,81355.14
114111,2022/5/24,全國,全區,89411,1558208,82650.86
114502,2022/5/23,全國,全區,82640,1468797,81902.14
114893,2022/5/22,全國,全區,66191,1386157,79468.14
115284,2022/5/21,全國,全區,79448,1319966,78829.43
115671,2022/5/20,全國,全區,84601,1240518,77297.14
116057,2022/5/19,全國,全區,85310,1155917,74336.71
116446,2022/5/18,全國,全區,90955,1070607,71432.86
116836,2022/5/17,全國,全區,84170,979652,67789
117226,2022/5/16,全國,全區,65602,895482,65633.57
117614,2022/5/15,全國,全區,61720,829880,61806.57
118000,2022/5/14,全國,全區,68722,768160,58743.14
118383,2022/5/13,全國,全區,63878,699438,55245.86
118770,2022/5/12,全國,全區,64983,635560,52463.71
119154,2022/5/11,全國,全區,65448,570577,48337.86
119539,2022/5/10,全國,全區,69082,505129,43275
119924,2022/5/9,全國,全區,38813,436047,37455
120303,2022/5/8,全國,全區,40276,397234,35140.57
120688,2022/5/7,全國,全區,44241,356958,32012.29
121066,2022/5/6,全國,全區,44403,312717,28139.57
121444,2022/5/5,全國,全區,36102,268314,23976.86
121817,2022/5/4,全國,全區,30008,232212,20546.14
122177,2022/5/3,全國,全區,28342,202204,17899.29
122536,2022/5/2,全國,全區,22612,173862,15123.57
122887,2022/5/1,全國,全區,18378,151250,12864.29
123223,2022/4/30,全國,全區,17132,132872,11030
123556,2022/4/29,全國,全區,15264,115740,9304.71
123873,2022/4/28,全國,全區,12087,100476,7727.57
124186,2022/4/27,全國,全區,11480,88389,6523.86
124486,2022/4/26,全國,全區,8912,76909,5304.43
124778,2022/4/25,全國,全區,6797,67997,4368.71
125051,2022/4/24,全國,全區,5538,61200,3631.71
125300,2022/4/23,全國,全區,5055,55662,3045.14
125546,2022/4/22,全國,全區,4224,50607,2530.14
125793,2022/4/21,全國,全區,3661,46383,2117.86
126024,2022/4/20,全國,全區,2944,42722,1759.43
126241,2022/4/19,全國,全區,2362,39778,1476.86
126439,2022/4/18,全國,全區,1638,37416,1271.43
126625,2022/4/17,全國,全區,1432,35778,1132.43
126790,2022/4/16,全國,全區,1450,34346,1016.14
126940,2022/4/15,全國,全區,1338,32896,891.29
127115,2022/4/14,全國,全區,1152,31558,772.71
127283,2022/4/13,全國,全區,966,30406,681.71
127432,2022/4/12,全國,全區,924,29440,613.43
127584,2022/4/11,全國,全區,665,28516,529.43
127723,2022/4/10,全國,全區,618,27851,475.86
127853,2022/4/9,全國,全區,576,27233,425.71
127970,2022/4/8,全國,全區,508,26657,402.29
128080,2022/4/7,全國,全區,515,26149,372
128194,2022/4/6,全國,全區,488,25634,330.43
128308,2022/4/5,全國,全區,336,25146,295.71
128401,2022/4/4,全國,全區,290,24810,261.57
128473,2022/4/3,全國,全區,267,24520,240.71
128532,2022/4/2,全國,全區,412,24253,223.71
128594,2022/4/1,全國,全區,296,23841,187.71
128663,2022/3/31,全國,全區,224,23545,160.57
128715,2022/3/30,全國,全區,245,23321,148.29
128757,2022/3/29,全國,全區,97,23076,130.43
128788,2022/3/28,全國,全區,144,22979,130
128823,2022/3/27,全國,全區,148,22835,124
128852,2022/3/26,全國,全區,160,22687,115.71
128876,2022/3/25,全國,全區,106,22527,110.71
128891,2022/3/24,全國,全區,138,22421,112.29
128904,2022/3/23,全國,全區,120,22283,103.86
128915,2022/3/22,全國,全區,94,22163,98.86
128923,2022/3/21,全國,全區,102,22069,95.71
128936,2022/3/20,全國,全區,90,21967,90.71
128950,2022/3/19,全國,全區,125,21877,87.14
128962,2022/3/18,全國,全區,117,21752,78.57
128969,2022/3/17,全國,全區,79,21635,70.71
128972,2022/3/16,全國,全區,85,21556,72.43
128977,2022/3/15,全國,全區,72,21471,72.57
128983,2022/3/14,全國,全區,67,21399,69.71
128988,2022/3/13,全國,全區,65,21332,67.14
128997,2022/3/12,全國,全區,65,21267,62.29
129006,2022/3/11,全國,全區,62,21202,60.57
129013,2022/3/10,全國,全區,91,21140,63.14
129021,2022/3/9,全國,全區,86,21049,59.14
129024,2022/3/8,全國,全區,52,20963,56.14
129033,2022/3/7,全國,全區,49,20911,55
129042,2022/3/6,全國,全區,31,20862,58.57
129048,2022/3/5,全國,全區,53,20831,60.43
129055,2022/3/4,全國,全區,80,20778,61.43
129065,2022/3/3,全國,全區,63,20698,58.29
129072,2022/3/2,全國,全區,65,20635,60.43
129081,2022/3/1,全國,全區,44,20570,62.86
129087,2022/2/28,全國,全區,74,20526,61.57
129097,2022/2/27,全國,全區,44,20452,59.29
129109,2022/2/26,全國,全區,60,20408,58.71
129118,2022/2/25,全國,全區,58,20348,63
129125,2022/2/24,全國,全區,78,20290,64.29
129136,2022/2/23,全國,全區,82,20212,63.71
129147,2022/2/22,全國,全區,35,20130,60
129155,2022/2/21,全國,全區,58,20095,62.57
129162,2022/2/20,全國,全區,40,20037,62.86
129173,2022/2/19,全國,全區,90,19997,63.86
129186,2022/2/18,全國,全區,67,19907,59.29
129201,2022/2/17,全國,全區,74,19840,58.71
129218,2022/2/16,全國,全區,56,19766,59.43
129236,2022/2/15,全國,全區,53,19710,62.43
129252,2022/2/14,全國,全區,60,19657,62.71
129261,2022/2/13,全國,全區,47,19597,60.57
129274,2022/2/12,全國,全區,58,19550,60.14
129286,2022/2/11,全國,全區,63,19492,60.71
129298,2022/2/10,全國,全區,79,19429,61.29
129313,2022/2/9,全國,全區,77,19350,56.71
129329,2022/2/8,全國,全區,55,19273,57
129349,2022/2/7,全國,全區,45,19218,53.86
129362,2022/2/6,全國,全區,44,19173,56.43
129371,2022/2/5,全國,全區,62,19129,57.71
129384,2022/2/4,全國,全區,67,19067,56.57
129401,2022/2/3,全國,全區,47,19000,53.57
129420,2022/2/2,全國,全區,79,18953,57.57
129438,2022/2/1,全國,全區,33,18874,58.57
129452,2022/1/31,全國,全區,63,18841,63.29
129465,2022/1/30,全國,全區,53,18778,60.71
129483,2022/1/29,全國,全區,54,18725,64
129499,2022/1/28,全國,全區,46,18671,69
129517,2022/1/27,全國,全區,75,18625,78.43
129544,2022/1/26,全國,全區,86,18550,74.71
129565,2022/1/25,全國,全區,66,18464,69.14
129588,2022/1/24,全國,全區,45,18398,67.71
129608,2022/1/23,全國,全區,76,18353,69.86
129634,2022/1/22,全國,全區,89,18277,67.86
129659,2022/1/21,全國,全區,112,18188,63.14
129678,2022/1/20,全國,全區,49,18076,57.86
129693,2022/1/19,全國,全區,47,18027,59.43
129703,2022/1/18,全國,全區,56,17980,66.43
129717,2022/1/17,全國,全區,60,17924,66.86
129727,2022/1/16,全國,全區,62,17864,67.71
129744,2022/1/15,全國,全區,56,17802,63.57
129752,2022/1/14,全國,全區,75,17746,63.43
129761,2022/1/13,全國,全區,60,17671,59
129770,2022/1/12,全國,全區,96,17611,59.29
129780,2022/1/11,全國,全區,59,17515,51.57
129792,2022/1/10,全國,全區,66,17456,47.14
129801,2022/1/9,全國,全區,33,17390,42.14
129807,2022/1/8,全國,全區,55,17357,41.14
129815,2022/1/7,全國,全區,44,17302,36
129822,2022/1/6,全國,全區,62,17258,32.71
129827,2022/1/5,全國,全區,42,17196,29.86
129837,2022/1/4,全國,全區,28,17154,27.14
129845,2022/1/3,全國,全區,31,17126,25.14
129850,2022/1/2,全國,全區,26,17095,23.43
129855,2022/1/1,全國,全區,19,17069,22
129858,2021/12/31,全國,全區,21,17050,22.71
129861,2021/12/30,全國,全區,42,17029,22.29
129867,2021/12/29,全國,全區,23,16987,19.14
129870,2021/12/28,全國,全區,14,16964,17.71
129873,2021/12/27,全國,全區,19,16950,17.71
129878,2021/12/26,全國,全區,16,16931,16.43
129881,2021/12/25,全國,全區,24,16915,15.71
129886,2021/12/24,全國,全區,18,16891,13.14
129889,2021/12/23,全國,全區,20,16873,12.43
129892,2021/12/22,全國,全區,13,16853,11.71
129895,2021/12/21,全國,全區,14,16840,11.71
129898,2021/12/20,全國,全區,10,16826,10.57
129901,2021/12/19,全國,全區,11,16816,10.57
129904,2021/12/18,全國,全區,6,16805,9.71
129907,2021/12/17,全國,全區,13,16799,9.71
129910,2021/12/16,全國,全區,15,16786,9.29
129913,2021/12/15,全國,全區,13,16771,9.57
129918,2021/12/14,全國,全區,6,16758,10
129923,2021/12/13,全國,全區,10,16752,9.86
129932,2021/12/12,全國,全區,5,16742,11.43
129937,2021/12/11,全國,全區,6,16737,12.14
129940,2021/12/10,全國,全區,10,16731,11.86
129945,2021/12/9,全國,全區,17,16721,12
129951,2021/12/8,全國,全區,16,16704,11.14
129954,2021/12/7,全國,全區,5,16688,11.29
129957,2021/12/6,全國,全區,21,16683,11.71
129960,2021/12/5,全國,全區,10,16662,9.43
129963,2021/12/4,全國,全區,4,16652,9.14
129966,2021/12/3,全國,全區,11,16648,10
129969,2021/12/2,全國,全區,11,16637,10.14
129972,2021/12/1,全國,全區,17,16626,10.29
129975,2021/11/30,全國,全區,8,16609,9.29
129978,2021/11/29,全國,全區,5,16601,8.86
129981,2021/11/28,全國,全區,8,16596,9.14
129984,2021/11/27,全國,全區,10,16588,8.43
129987,2021/11/26,全國,全區,12,16578,8.29
129990,2021/11/25,全國,全區,12,16566,7.14
129993,2021/11/24,全國,全區,10,16554,6.86
129996,2021/11/23,全國,全區,5,16544,5.86
129999,2021/11/22,全國,全區,7,16539,5.86
130002,2021/11/21,全國,全區,3,16532,5.14
130005,2021/11/20,全國,全區,9,16529,6
130008,2021/11/19,全國,全區,4,16520,5.86
130011,2021/11/18,全國,全區,10,16516,5.86
130014,2021/11/17,全國,全區,3,16506,5.86
130017,2021/11/16,全國,全區,5,16503,6.71
130020,2021/11/15,全國,全區,2,16498,6.71
130023,2021/11/14,全國,全區,9,16496,7.29
130026,2021/11/13,全國,全區,8,16487,6.43
130029,2021/11/12,全國,全區,4,16479,5.86
130032,2021/11/11,全國,全區,10,16475,5.57
130035,2021/11/10,全國,全區,9,16465,5
130038,2021/11/9,全國,全區,5,16456,4
130041,2021/11/8,全國,全區,6,16451,4.29
130044,2021/11/7,全國,全區,3,16445,4
130047,2021/11/6,全國,全區,4,16442,4.29
130050,2021/11/5,全國,全區,2,16438,4.57
130053,2021/11/4,全國,全區,6,16436,5.29
130056,2021/11/3,全國,全區,2,16430,5.14
130061,2021/11/2,全國,全區,7,16428,5.71
130064,2021/11/1,全國,全區,4,16421,5.86
130067,2021/10/31,全國,全區,5,16417,5.86
130070,2021/10/30,全國,全區,6,16412,6.29
130073,2021/10/29,全國,全區,7,16406,6
130076,2021/10/28,全國,全區,5,16399,6
130079,2021/10/27,全國,全區,6,16394,6.43
130082,2021/10/26,全國,全區,8,16388,5.86
130085,2021/10/25,全國,全區,4,16380,5.29
130088,2021/10/24,全國,全區,8,16376,5.57
130095,2021/10/23,全國,全區,4,16368,4.43
130098,2021/10/22,全國,全區,7,16364,4
130101,2021/10/21,全國,全區,8,16357,4.57
130106,2021/10/20,全國,全區,2,16349,4
130109,2021/10/19,全國,全區,4,16347,4.86
130112,2021/10/18,全國,全區,6,16343,4.86
130117,2021/10/16,全國,全區,1,16337,6.14
130120,2021/10/15,全國,全區,11,16336,7
130125,2021/10/14,全國,全區,4,16325,6
130128,2021/10/13,全國,全區,8,16321,7.14
130131,2021/10/12,全國,全區,4,16313,6.57
130134,2021/10/11,全國,全區,4,16309,6.71
130137,2021/10/10,全國,全區,11,16305,7.14
130142,2021/10/9,全國,全區,7,16294,6.29
130145,2021/10/8,全國,全區,4,16287,6.14
130150,2021/10/7,全國,全區,12,16283,7
130153,2021/10/6,全國,全區,4,16271,6.86
130156,2021/10/5,全國,全區,5,16267,7.29
130159,2021/10/4,全國,全區,7,16262,8.14
130162,2021/10/3,全國,全區,5,16255,8.14
130165,2021/10/2,全國,全區,6,16250,8.71
130168,2021/10/1,全國,全區,10,16244,9
130171,2021/9/30,全國,全區,11,16234,8.29
130174,2021/9/29,全國,全區,7,16223,7.86
130177,2021/9/28,全國,全區,11,16216,8.14
130182,2021/9/27,全國,全區,7,16205,7.57
130187,2021/9/26,全國,全區,9,16198,7.29
130190,2021/9/25,全國,全區,8,16189,6.86
130193,2021/9/24,全國,全區,5,16181,7.43
130196,2021/9/23,全國,全區,8,16176,7.57
130201,2021/9/22,全國,全區,9,16168,7.57
130204,2021/9/21,全國,全區,7,16159,8
130209,2021/9/20,全國,全區,5,16152,7.71
130212,2021/9/19,全國,全區,6,16147,7.71
130217,2021/9/18,全國,全區,12,16141,7.57
130222,2021/9/17,全國,全區,6,16129,7.86
130225,2021/9/16,全國,全區,8,16123,7.71
130231,2021/9/15,全國,全區,12,16115,7.57
130236,2021/9/14,全國,全區,5,16103,6.71
130241,2021/9/13,全國,全區,5,16098,7.29
130246,2021/9/12,全國,全區,5,16093,8.29
130253,2021/9/11,全國,全區,14,16088,9.86
130262,2021/9/10,全國,全區,5,16074,8.71
130265,2021/9/9,全國,全區,7,16069,8.14
130272,2021/9/8,全國,全區,6,16062,8
130279,2021/9/7,全國,全區,9,16056,7.86
130284,2021/9/6,全國,全區,12,16047,7.43
130292,2021/9/5,全國,全區,16,16035,6.29
130297,2021/9/4,全國,全區,6,16019,5.14
130302,2021/9/3,全國,全區,1,16013,7.57
130305,2021/9/2,全國,全區,6,16012,8.29
130312,2021/9/1,全國,全區,5,16006,8.43
130317,2021/8/31,全國,全區,6,16001,8.86
130322,2021/8/30,全國,全區,4,15995,8.14
130330,2021/8/29,全國,全區,8,15991,8.43
130337,2021/8/28,全國,全區,23,15983,8.14
130345,2021/8/27,全國,全區,6,15960,6.29
130348,2021/8/26,全國,全區,7,15954,6.86
130351,2021/8/25,全國,全區,8,15947,7.14
130358,2021/8/24,全國,全區,1,15939,6.86
130361,2021/8/23,全國,全區,6,15938,8.29
130366,2021/8/22,全國,全區,6,15932,10
130373,2021/8/21,全國,全區,10,15926,10.57
130386,2021/8/20,全國,全區,10,15916,10.43
130392,2021/8/19,全國,全區,9,15906,10
130403,2021/8/18,全國,全區,6,15897,11.29
130408,2021/8/17,全國,全區,11,15891,11.29
130417,2021/8/16,全國,全區,18,15880,12
130426,2021/8/15,全國,全區,10,15862,10.57
130438,2021/8/14,全國,全區,9,15852,10.29
130445,2021/8/13,全國,全區,7,15843,10
130452,2021/8/12,全國,全區,18,15836,10.43
130461,2021/8/11,全國,全區,6,15818,9.57
130470,2021/8/10,全國,全區,16,15812,10.29
130485,2021/8/9,全國,全區,8,15796,11
130492,2021/8/8,全國,全區,8,15788,12.57
130502,2021/8/7,全國,全區,7,15780,13.43
130512,2021/8/6,全國,全區,10,15773,14.43
130523,2021/8/5,全國,全區,12,15763,14.71
130537,2021/8/4,全國,全區,11,15751,16.57
130549,2021/8/3,全國,全區,21,15740,17.57
130564,2021/8/2,全國,全區,19,15719,17.43
130578,2021/8/1,全國,全區,14,15700,17.14
130595,2021/7/31,全國,全區,14,15686,16.71
130612,2021/7/30,全國,全區,12,15672,16.57
130626,2021/7/29,全國,全區,25,15660,18.43
130646,2021/7/28,全國,全區,18,15635,18.29
130666,2021/7/27,全國,全區,20,15617,23.86
130685,2021/7/26,全國,全區,17,15597,24.43
130703,2021/7/25,全國,全區,11,15580,25
130714,2021/7/24,全國,全區,13,15569,26
130728,2021/7/23,全國,全區,25,15556,25.86
130756,2021/7/22,全國,全區,24,15531,26.86
130779,2021/7/21,全國,全區,57,15507,26
130803,2021/7/20,全國,全區,24,15450,21.71
130823,2021/7/19,全國,全區,21,15426,22.43
130839,2021/7/18,全國,全區,18,15405,22.86
130857,2021/7/17,全國,全區,12,15387,24.71
130870,2021/7/16,全國,全區,32,15375,27.71
130895,2021/7/15,全國,全區,18,15343,28.14
130909,2021/7/14,全國,全區,27,15325,28.57
130927,2021/7/13,全國,全區,29,15298,30.43
130951,2021/7/12,全國,全區,24,15269,30.43
130976,2021/7/11,全國,全區,31,15245,31.43
131001,2021/7/10,全國,全區,33,15214,32.57
131027,2021/7/9,全國,全區,35,15181,39.29
131047,2021/7/8,全國,全區,21,15146,42.57
131065,2021/7/7,全國,全區,40,15125,46.71
131090,2021/7/6,全國,全區,29,15085,49
131109,2021/7/5,全國,全區,31,15056,52.57
131134,2021/7/4,全國,全區,39,15025,56.57
131159,2021/7/3,全國,全區,80,14986,63.71
131189,2021/7/2,全國,全區,58,14906,63.71
131222,2021/7/1,全國,全區,50,14848,66.29
131253,2021/6/30,全國,全區,56,14798,77.71
131289,2021/6/29,全國,全區,54,14742,84.57
131324,2021/6/28,全國,全區,59,14688,88
131356,2021/6/27,全國,全區,89,14629,90.14
131388,2021/6/26,全國,全區,80,14540,93
131430,2021/6/25,全國,全區,76,14460,99.86
131473,2021/6/24,全國,全區,130,14384,115.57
131528,2021/6/23,全國,全區,104,14254,122
131581,2021/6/22,全國,全區,78,14150,131.29
131620,2021/6/21,全國,全區,74,14072,139.43
131662,2021/6/20,全國,全區,109,13998,155.14
131708,2021/6/19,全國,全區,128,13889,164.57
131752,2021/6/18,全國,全區,186,13761,182
131803,2021/6/17,全國,全區,175,13575,196.29
131846,2021/6/16,全國,全區,169,13400,209.14
131894,2021/6/15,全國,全區,135,13231,224
131947,2021/6/14,全國,全區,184,13096,236
131998,2021/6/13,全國,全區,175,12912,238.86
132056,2021/6/12,全國,全區,250,12737,259.71
132122,2021/6/11,全國,全區,286,12487,296
132195,2021/6/10,全國,全區,265,12201,320.71
132265,2021/6/9,全國,全區,273,11936,365.57
132329,2021/6/8,全國,全區,219,11663,404.71
132385,2021/6/7,全國,全區,204,11444,420.57
132450,2021/6/6,全國,全區,321,11240,441.57
132519,2021/6/5,全國,全區,504,10919,446.86
132602,2021/6/4,全國,全區,459,10415,444.43
132676,2021/6/3,全國,全區,579,9956,458.14
132751,2021/6/2,全國,全區,547,9377,471.14
132830,2021/6/1,全國,全區,330,8830,484.43
132912,2021/5/31,全國,全區,351,8500,513.86
132978,2021/5/30,全國,全區,358,8149,548.57
133055,2021/5/29,全國,全區,487,7791,562
133142,2021/5/28,全國,全區,555,7304,595.57
133227,2021/5/27,全國,全區,670,6749,561.14
133337,2021/5/26,全國,全區,640,6079,507.29
133423,2021/5/25,全國,全區,536,5439,455
133518,2021/5/24,全國,全區,594,4903,413
133594,2021/5/23,全國,全區,452,4309,375.86
133681,2021/5/22,全國,全區,722,3857,340.43
133768,2021/5/21,全國,全區,314,3135,263.86
133837,2021/5/20,全國,全區,293,2821,223.57
133902,2021/5/19,全國,全區,274,2528,185.29
133974,2021/5/18,全國,全區,242,2254,149.14
134031,2021/5/17,全國,全區,334,2012,116.14
134089,2021/5/16,全國,全區,204,1678,70.57
134135,2021/5/15,全國,全區,186,1474,41.57
134180,2021/5/14,全國,全區,32,1288,15.71
134201,2021/5/13,全國,全區,25,1256,11.86
134218,2021/5/12,全國,全區,21,1231,10.14
134236,2021/5/11,全國,全區,11,1210,8.14
134247,2021/5/10,全國,全區,15,1199,7.71
134256,2021/5/9,全國,全區,1,1184,6.71
134259,2021/5/8,全國,全區,5,1183,7.29
134264,2021/5/7,全國,全區,5,1178,7.14
134267,2021/5/6,全國,全區,13,1173,7.43
134272,2021/5/5,全國,全區,7,1160,6.29
134275,2021/5/4,全國,全區,8,1153,6.14
134282,2021/5/3,全國,全區,8,1145,5.86
134289,2021/5/2,全國,全區,5,1137,5.29
134296,2021/5/1,全國,全區,4,1132,5
134301,2021/4/30,全國,全區,7,1128,5.43
134309,2021/4/29,全國,全區,5,1121,5
134316,2021/4/28,全國,全區,6,1116,4.86
134323,2021/4/27,全國,全區,6,1110,4.57
134328,2021/4/26,全國,全區,4,1104,4
134333,2021/4/25,全國,全區,3,1100,3.86
134336,2021/4/24,全國,全區,7,1097,3.57
134341,2021/4/23,全國,全區,4,1090,2.86
134346,2021/4/22,全國,全區,4,1086,2.57
134349,2021/4/21,全國,全區,4,1082,2.14
134352,2021/4/20,全國,全區,2,1078,2.29
134357,2021/4/19,全國,全區,3,1076,2.57
134360,2021/4/18,全國,全區,1,1073,2.29
134363,2021/4/17,全國,全區,2,1072,2.29
134366,2021/4/16,全國,全區,2,1070,2.29
134369,2021/4/15,全國,全區,1,1068,2.57
134372,2021/4/14,全國,全區,5,1067,2.43
134375,2021/4/13,全國,全區,4,1062,1.71
134378,2021/4/12,全國,全區,1,1058,1.43
134381,2021/4/11,全國,全區,1,1057,1.43
134384,2021/4/10,全國,全區,2,1056,1.57
134387,2021/4/9,全國,全區,4,1054,2.14
134390,2021/4/6,全國,全區,2,1050,3.71
134393,2021/4/5,全國,全區,1,1048,3.57
134396,2021/4/4,全國,全區,2,1047,3.57
134399,2021/4/3,全國,全區,6,1045,3.57
134402,2021/4/2,全國,全區,3,1039,3.71
134405,2021/4/1,全國,全區,6,1036,3.43
134408,2021/3/31,全國,全區,6,1030,3
134411,2021/3/30,全國,全區,1,1024,2.43
134414,2021/3/29,全國,全區,1,1023,2.43
134417,2021/3/28,全國,全區,2,1022,2.29
134420,2021/3/27,全國,全區,7,1020,2.14
134423,2021/3/26,全國,全區,1,1013,1.29
134426,2021/3/25,全國,全區,3,1012,2
134429,2021/3/24,全國,全區,2,1009,2.71
134432,2021/3/23,全國,全區,1,1007,2.43
134435,2021/3/21,全國,全區,1,1006,3
134438,2021/3/20,全國,全區,1,1005,3
134441,2021/3/19,全國,全區,6,1004,2.86
134444,2021/3/18,全國,全區,8,998,2.86
134447,2021/3/15,全國,全區,5,990,2
134450,2021/3/14,全國,全區,1,985,2.29
134453,2021/3/12,全國,全區,6,984,3.43
134456,2021/3/10,全國,全區,1,978,2.86
134459,2021/3/9,全國,全區,1,977,3.14
134462,2021/3/8,全國,全區,7,976,3
134465,2021/3/7,全國,全區,2,969,2
134468,2021/3/6,全國,全區,7,967,1.86
134471,2021/3/4,全國,全區,2,960,1.29
134474,2021/3/3,全國,全區,3,958,1.71
134477,2021/2/28,全國,全區,1,955,1.86
134480,2021/2/27,全國,全區,3,954,1.71
134483,2021/2/25,全國,全區,5,951,1.57
134486,2021/2/24,全國,全區,4,946,1.14
134489,2021/2/20,全國,全區,1,942,0.71
134492,2021/2/19,全國,全區,1,941,0.57
134495,2021/2/18,全國,全區,2,940,0.57
134498,2021/2/17,全國,全區,1,938,0.43
134501,2021/2/12,全國,全區,1,937,2
134504,2021/2/11,全國,全區,1,936,2.43
134507,2021/2/10,全國,全區,2,935,2.57
134510,2021/2/9,全國,全區,5,933,2.57
134515,2021/2/8,全國,全區,1,928,2.29
134518,2021/2/7,全國,全區,3,927,2.29
134521,2021/2/6,全國,全區,1,924,2.14
134524,2021/2/5,全國,全區,4,923,3.43
134529,2021/2/4,全國,全區,2,919,3.43
134532,2021/2/3,全國,全區,2,917,3.43
134535,2021/2/2,全國,全區,3,915,3.57
134538,2021/2/1,全國,全區,1,912,3.29
134541,2021/1/31,全國,全區,2,911,3.43
134544,2021/1/30,全國,全區,10,909,3.57
134550,2021/1/29,全國,全區,4,899,2.57
134553,2021/1/28,全國,全區,2,895,3.14
134556,2021/1/27,全國,全區,3,893,3.29
134559,2021/1/26,全國,全區,1,890,3.14
134562,2021/1/25,全國,全區,2,889,3.86
134565,2021/1/24,全國,全區,3,887,4.57
134570,2021/1/23,全國,全區,3,884,4.71
134575,2021/1/22,全國,全區,8,881,5.43
134580,2021/1/21,全國,全區,3,873,4.43
134583,2021/1/20,全國,全區,2,870,4
134588,2021/1/19,全國,全區,6,868,4.29
134595,2021/1/18,全國,全區,7,862,4
134600,2021/1/17,全國,全區,4,855,3.86
134605,2021/1/16,全國,全區,8,851,3.29
134610,2021/1/15,全國,全區,1,843,2.57
134613,2021/1/13,全國,全區,4,842,3.29
134616,2021/1/12,全國,全區,4,838,3
134622,2021/1/11,全國,全區,6,834,2.71
134625,2021/1/9,全國,全區,3,828,2.86
134628,2021/1/8,全國,全區,3,825,3.29
134631,2021/1/7,全國,全區,3,822,3.29
134634,2021/1/6,全國,全區,2,819,3.14
134637,2021/1/5,全國,全區,2,817,3.14
134640,2021/1/4,全國,全區,3,815,3.14
134643,2021/1/3,全國,全區,4,812,3.86
134646,2021/1/2,全國,全區,6,808,3.57
134649,2021/1/1,全國,全區,3,802,3.14
134652,2020/12/31,全國,全區,2,799,3.29
134655,2020/12/30,全國,全區,2,797,3
134658,2020/12/29,全國,全區,2,795,3.57
134661,2020/12/28,全國,全區,8,793,3.86
134664,2020/12/27,全國,全區,2,785,2.71
134667,2020/12/26,全國,全區,3,783,2.86
134670,2020/12/25,全國,全區,4,780,3
134673,2020/12/23,全國,全區,6,776,3.86
134676,2020/12/22,全國,全區,4,770,4
134681,2020/12/20,全國,全區,3,766,4.29
134684,2020/12/19,全國,全區,4,763,4.29
134687,2020/12/18,全國,全區,2,759,4.86
134690,2020/12/17,全國,全區,8,757,4.71
134693,2020/12/16,全國,全區,7,749,4.14
134696,2020/12/15,全國,全區,2,742,3.43
134699,2020/12/14,全國,全區,4,740,3.43
134702,2020/12/13,全國,全區,3,736,2.86
134705,2020/12/12,全國,全區,8,733,5.57
134708,2020/12/11,全國,全區,1,725,5
134711,2020/12/10,全國,全區,4,724,5.43
134714,2020/12/9,全國,全區,2,720,5
134717,2020/12/8,全國,全區,2,718,5.57
134720,2020/12/6,全國,全區,22,716,9.29
134723,2020/12/5,全國,全區,4,694,6.57
134726,2020/12/4,全國,全區,4,690,7.29
134729,2020/12/3,全國,全區,1,686,8.71
134732,2020/12/2,全國,全區,6,685,8.86
134735,2020/12/1,全國,全區,4,679,8.71
134738,2020/11/30,全國,全區,24,675,8.14
134741,2020/11/29,全國,全區,3,651,4.86
134744,2020/11/28,全國,全區,9,648,5.29
134747,2020/11/27,全國,全區,14,639,4
134750,2020/11/26,全國,全區,2,625,2.29
134753,2020/11/25,全國,全區,5,623,2.29
134756,2020/11/23,全國,全區,1,618,2.14
134759,2020/11/22,全國,全區,6,617,2.14
134762,2020/11/20,全國,全區,2,611,2
134765,2020/11/19,全國,全區,2,609,2.86
134768,2020/11/18,全國,全區,2,607,3.29
134771,2020/11/17,全國,全區,2,605,3.57
134774,2020/11/16,全國,全區,1,603,3.57
134777,2020/11/15,全國,全區,2,602,3.57
134780,2020/11/14,全國,全區,3,600,3.86
134783,2020/11/13,全國,全區,8,597,3.43
134786,2020/11/12,全國,全區,5,589,2.86
134789,2020/11/11,全國,全區,4,584,2.29
134792,2020/11/10,全國,全區,2,580,1.86
134795,2020/11/9,全國,全區,1,578,2.14
134798,2020/11/8,全國,全區,4,577,2.71
134801,2020/11/6,全國,全區,4,573,2.71
134804,2020/11/5,全國,全區,1,569,2.29
134807,2020/11/4,全國,全區,1,568,2.57
134810,2020/11/3,全國,全區,4,567,2.57
134813,2020/11/2,全國,全區,5,563,2
134816,2020/11/1,全國,全區,3,558,1.29
134819,2020/10/31,全國,全區,1,555,0.86
134822,2020/10/30,全國,全區,1,554,1
134825,2020/10/29,全國,全區,3,553,0.86
134828,2020/10/28,全國,全區,1,550,1
134831,2020/10/24,全國,全區,2,549,2.14
134834,2020/10/22,全國,全區,4,547,2.43
134837,2020/10/21,全國,全區,1,543,2
134840,2020/10/20,全國,全區,3,542,1.86
134843,2020/10/19,全國,全區,5,539,1.43
134846,2020/10/16,全國,全區,4,534,1
134849,2020/10/15,全國,全區,1,530,0.86
134852,2020/10/12,全國,全區,2,529,1.57
134855,2020/10/9,全國,全區,3,527,1.43
134858,2020/10/8,全國,全區,1,524,1.29
134861,2020/10/7,全國,全區,2,523,1.29
134864,2020/10/6,全國,全區,3,521,1.14
134867,2020/10/5,全國,全區,1,518,0.71
134870,2020/10/2,全國,全區,2,517,1
134873,2020/10/1,全國,全區,1,515,0.86
134876,2020/9/30,全國,全區,1,514,0.71
134879,2020/9/28,全國,全區,3,513,0.57
134882,2020/9/25,全國,全區,1,510,1
134885,2020/9/21,全國,全區,2,509,1.43
134888,2020/9/20,全國,全區,1,507,1.29
134891,2020/9/19,全國,全區,3,506,1.14
134894,2020/9/17,全國,全區,3,503,1
134897,2020/9/16,全國,全區,1,500,0.71
134900,2020/9/14,全國,全區,1,499,0.71
134903,2020/9/11,全國,全區,2,498,1.14
134906,2020/9/10,全國,全區,1,496,1
134909,2020/9/8,全國,全區,1,495,1
134912,2020/9/7,全國,全區,1,494,0.86
134915,2020/9/6,全國,全區,1,493,0.71
134918,2020/9/5,全國,全區,2,492,0.57
134921,2020/9/4,全國,全區,1,490,0.43
134924,2020/9/2,全國,全區,1,489,0.29
134927,2020/8/29,全國,全區,1,488,0.14
134930,2020/8/21,全國,全區,1,487,0.86
134933,2020/8/18,全國,全區,1,486,0.86
134936,2020/8/17,全國,全區,2,485,0.71
134939,2020/8/16,全國,全區,1,483,0.43
134942,2020/8/15,全國,全區,1,482,0.43
134945,2020/8/12,全國,全區,1,481,0.71
134948,2020/8/9,全國,全區,1,480,0.71
134951,2020/8/8,全國,全區,2,479,0.71
134954,2020/8/6,全國,全區,1,477,1.43
134957,2020/8/4,全國,全區,1,476,1.29
134960,2020/8/2,全國,全區,1,475,2.43
134963,2020/8/1,全國,全區,7,474,2.29
134966,2020/7/28,全國,全區,5,467,1.71
134969,2020/7/27,全國,全區,4,462,1
134972,2020/7/24,全國,全區,3,458,0.57
134975,2020/7/19,全國,全區,1,455,0.57
134978,2020/7/17,全國,全區,2,454,0.43
134981,2020/7/16,全國,全區,1,452,0.43
134984,2020/7/10,全國,全區,2,451,0.29
134987,2020/7/3,全國,全區,1,449,0.29
134990,2020/7/2,全國,全區,1,448,0.14
134993,2020/6/25,全國,全區,1,447,0.14
134996,2020/6/18,全國,全區,1,446,0.43
134999,2020/6/15,全國,全區,2,445,0.29
135002,2020/6/1,全國,全區,1,443,0.29
135005,2020/5/29,全國,全區,1,442,0.14
135008,2020/5/21,全國,全區,1,441,0.14
135011,2020/5/7,全國,全區,1,440,1.57
135014,2020/5/6,全國,全區,1,439,1.43
135017,2020/5/4,全國,全區,3,438,1.29
135020,2020/5/3,全國,全區,3,435,0.86
135023,2020/5/2,全國,全區,3,432,0.43
135026,2020/4/25,全國,全區,1,429,4.43
135029,2020/4/24,全國,全區,1,428,4.71
135032,2020/4/23,全國,全區,1,427,4.57
135035,2020/4/22,全國,全區,1,426,4.43
135038,2020/4/21,全國,全區,3,425,4.57
135041,2020/4/20,全國,全區,2,422,4.14
135044,2020/4/19,全國,全區,22,420,4.57
135047,2020/4/18,全國,全區,3,398,1.86
135050,2020/4/15,全國,全區,2,395,2.29
135053,2020/4/13,全國,全區,5,393,2.86
135056,2020/4/12,全國,全區,3,388,3.57
135061,2020/4/11,全國,全區,3,385,4.29
135064,2020/4/10,全國,全區,2,382,4.86
135067,2020/4/9,全國,全區,1,380,5.86
135070,2020/4/8,全國,全區,3,379,7.14
135075,2020/4/7,全國,全區,3,376,7.71
135078,2020/4/6,全國,全區,10,373,9.57
135083,2020/4/5,全國,全區,8,363,9.29
135086,2020/4/4,全國,全區,7,355,10.29
135091,2020/4/3,全國,全區,9,348,11.57
135098,2020/4/2,全國,全區,10,339,12.43
135105,2020/4/1,全國,全區,7,329,13.43
135108,2020/3/31,全國,全區,16,322,15.14
135115,2020/3/30,全國,全區,8,306,15.86
135120,2020/3/29,全國,全區,15,298,18.43
135125,2020/3/28,全國,全區,16,283,18.57
135132,2020/3/27,全國,全區,15,267,19
135135,2020/3/26,全國,全區,17,252,20.57
135142,2020/3/25,全國,全區,19,235,19.29
135145,2020/3/24,全國,全區,21,216,19.86
135150,2020/3/23,全國,全區,26,195,18.43
135155,2020/3/22,全國,全區,16,169,15.86
135164,2020/3/21,全國,全區,19,153,14.29
135167,2020/3/20,全國,全區,26,134,12
135175,2020/3/19,全國,全區,8,108,8.43
135180,2020/3/18,全國,全區,23,100,7.43
135187,2020/3/17,全國,全區,11,77,4.29
135190,2020/3/16,全國,全區,8,66,3
135193,2020/3/15,全國,全區,5,58,1.86
135196,2020/3/14,全國,全區,3,53,1.14
135199,2020/3/13,全國,全區,1,50,0.71
135202,2020/3/12,全國,全區,1,49,0.71
135205,2020/3/11,全國,全區,1,48,0.86
135208,2020/3/10,全國,全區,2,47,0.71
135213,2020/3/6,全國,全區,1,45,1.57
135216,2020/3/5,全國,全區,2,44,1.71
135221,2020/3/3,全國,全區,1,42,1.57
135224,2020/3/2,全國,全區,1,41,1.57
135227,2020/3/1,全國,全區,1,40,1.71
135230,2020/2/29,全國,全區,5,39,1.86
135236,2020/2/28,全國,全區,2,34,1.14
135241,2020/2/26,全國,全區,1,32,1.29
135244,2020/2/25,全國,全區,1,31,1.29
135247,2020/2/24,全國,全區,2,30,1.43
135250,2020/2/23,全國,全區,2,28,1.14
135253,2020/2/21,全國,全區,2,26,1.14
135257,2020/2/20,全國,全區,1,24,0.86
135260,2020/2/19,全國,全區,1,23,0.71
135263,2020/2/18,全國,全區,2,22,0.57
135268,2020/2/16,全國,全區,2,20,0.29
135271,2020/2/9,全國,全區,1,18,1.14
135274,2020/2/8,全國,全區,1,17,1
135277,2020/2/7,全國,全區,2,16,0.86
135280,2020/2/6,全國,全區,3,14,0.71
135283,2020/2/4,全國,全區,1,11,0.43
135286,2020/1/31,全國,全區,1,10,1
135289,2020/1/30,全國,全區,1,9,1.14
135292,2020/1/28,全國,全區,3,8,1.14
135297,2020/1/27,全國,全區,1,5,0.71
135300,2020/1/26,全國,全區,1,4,0.57
135303,2020/1/24,全國,全區,2,3,0.43
135306,2020/1/22,全國,全區,1,1,0.14
